Agent ID,Agent Name
AMC-L-CC-001,John Smith
AMC-L-CC-002,Sarah Johnson
AMC-L-CC-005,Michael Brown
AMC-L-CC-006,Emily Davis
AMC-L-CC-007,David Wilson
AMC-L-CC-009,Jessica Miller
AMC-L-CC-010,Daniel Moore
AMC-L-CC-012,Olivia Taylor
AMC-L-CC-013,Matthew Anderson
AMC-L-CC-015,Sophia Thomas
AMC-L-CC-016,James Jackson
AMC-L-CC-018,Ava White
AMC-L-CC-020,Benjamin Harris
AMC-L-CC-021,Mia Martin
AMC-L-CC-024,Ethan Thompson
AMC-L-CC-025,Charlotte Garcia
AMC-L-CC-027,Alexander Martinez
AMC-L-CC-029,Amelia Robinson
AMC-L-CC-030,William Clark
AMC-L-CC-033,Isabella Rodriguez
AMC-L-CC-035,Lucas Lewis
AMC-L-CC-037,Grace Lee
AMC-L-CC-041,Anna Wilson
AMC-L-CC-042,Noah Walker
AMC-L-CC-045,Chloe Hall
AMC-L-CC-047,Liam Allen
AMC-L-CC-050,Lily Young
AMC-L-CC-053,Mason King
AMC-L-CC-056,Zoe Wright
AMC-L-CC-060,Jacob Scott